name,concurrent_users,msg_size,sleep_time,latency
1,100,50,0,5.9819815510000005
1,100,50,30,31.19080871
1,100,50,500,501.55840889999996
1,100,50,1000,1001.527827
1,100,1024,0,6.047857557
1,100,1024,30,31.25165827
1,100,1024,500,501.6097648
1,100,1024,1000,1001.65761
1,100,10240,0,13.58271913
1,100,10240,30,31.48342432
1,100,10240,500,501.865725
1,100,10240,1000,1001.8868130000001
1,100,102400,0,133.1727543
1,100,102400,30,133.19518200000002
1,100,102400,500,502.90193839999995
1,100,102400,1000,1002.68387
1,200,50,0,11.70634816
1,200,50,30,31.33768627
1,200,50,500,501.57295139999997
1,200,50,1000,1001.5856449999999
1,200,1024,0,11.66698601
1,200,1024,30,31.40354475
1,200,1024,500,501.6044732
1,200,1024,1000,1001.6443720000001
1,200,10240,0,27.24350519
1,200,10240,30,31.86667154
1,200,10240,500,501.8587272
1,200,10240,1000,1001.904131
1,200,102400,0,266.98250260000003
1,200,102400,30,266.9222304
1,200,102400,500,503.208877
1,200,102400,1000,1002.9148880000001
1,300,50,0,17.57751417
1,300,50,30,31.82440583
1,300,50,500,501.56897280000004
1,300,50,1000,1001.576235
1,300,1024,0,17.58931957
1,300,1024,30,31.98419979
1,300,1024,500,501.5936955
1,300,1024,1000,1001.612976
1,300,10240,0,40.932235999999996
1,300,10240,30,40.90279143
1,300,10240,500,501.838729
1,300,10240,1000,1001.895002
1,300,102400,0,401.32906710000003
1,300,102400,30,401.3042504
1,300,102400,500,502.88870810000003
1,300,102400,1000,1002.8258300000001
1,1000,50,0,65.44942859
1,1000,50,30,64.51162635
1,1000,50,500,501.67960830000004
1,1000,50,1000,1001.559668
1,1000,1024,0,62.14859472
1,1000,1024,30,62.6989066
1,1000,1024,500,501.65607259999996
1,1000,1024,1000,1001.649081
1,1000,10240,0,137.6451068
1,1000,10240,30,137.6586511
1,1000,10240,500,501.9202709
1,1000,10240,1000,1001.828964
1,1000,102400,0,1346.624749
1,1000,102400,30,1346.729618
1,1000,102400,500,1348.925189
1,1000,102400,1000,1340.855678
1,2000,50,0,139.07415500000002
1,2000,50,30,138.13904419999997
1,2000,50,500,504.3241234
1,2000,50,1000,1003.501903
1,2000,1024,0,134.0676914
1,2000,1024,30,131.075545
1,2000,1024,500,504.1435665
1,2000,1024,1000,1003.366733
1,2000,10240,0,277.6756229
1,2000,10240,30,278.00751280000003
1,2000,10240,500,504.3435733
1,2000,10240,1000,1003.309073
1,2000,102400,0,2680.157139
1,2000,102400,500,2696.654237
2,100,50,0,7.288438292
2,100,50,30,31.24496545
2,100,50,500,501.7226885
2,100,50,1000,1001.6643550000001
2,100,1024,0,8.43206547
2,100,1024,30,31.32776176
2,100,1024,500,501.76407699999993
2,100,1024,1000,1001.749733
2,100,10240,0,17.00218321
2,100,10240,30,32.12422311
2,100,10240,500,502.20582189999993
2,100,10240,1000,1002.212298
2,100,102400,0,134.53277590000002
2,100,102400,30,134.5256971
2,100,102400,500,505.85332530000005
2,100,102400,1000,1005.894377
2,200,50,0,14.27659294
2,200,50,30,31.48925041
2,200,50,500,501.70078789999997
2,200,50,1000,1001.74599
2,200,1024,0,16.12145012
2,200,1024,30,31.70687044
2,200,1024,500,501.6568308
2,200,1024,1000,1001.745214
2,200,10240,0,33.85041096
2,200,10240,30,39.29932214
2,200,10240,500,502.3451208000001
2,200,10240,1000,1002.2490970000001
2,200,102400,0,269.51036719999996
2,200,102400,30,269.4451483
2,200,102400,500,506.7492799
2,200,102400,1000,1006.7037449999999
2,300,50,0,21.29174919
2,300,50,30,32.55779102
2,300,50,500,501.6930493
2,300,50,1000,1001.711417
2,300,1024,0,24.253428500000002
2,300,1024,30,33.74710084
2,300,1024,500,501.75622130000005
2,300,1024,1000,1001.7934949999999
2,300,10240,0,50.5399237
2,300,10240,30,53.44708735
2,300,10240,500,502.2498051
2,300,10240,1000,1002.210916
2,300,102400,0,405.09204520000003
2,300,102400,30,404.9982278
2,300,102400,500,506.4574597
2,300,102400,1000,1006.147448
2,1000,50,0,76.75896699
2,1000,50,30,76.90318438
2,1000,50,500,502.6599024
2,1000,50,1000,1001.9842880000001
2,1000,1024,0,85.0107
2,1000,1024,30,83.84129397
2,1000,1024,500,501.8402074
2,1000,1024,1000,1001.761132
2,1000,10240,0,173.0668948
2,1000,10240,30,172.82513569999998
2,1000,10240,500,502.3765106000001
2,1000,10240,1000,1002.350277
2,1000,102400,0,1360.775318
2,1000,102400,30,1360.347634
2,1000,102400,500,1362.4814509999999
2,1000,102400,1000,1354.3995960000002
2,2000,50,0,162.0051427
2,2000,50,30,162.8146208
2,2000,50,500,502.8830847
2,2000,50,1000,1001.8691660000001
2,2000,1024,0,184.1012892
2,2000,1024,30,182.5431697
2,2000,1024,500,509.8087848999999
2,2000,1024,1000,1007.6596099999999
2,2000,10240,0,362.4651167
2,2000,10240,30,365.0073158
2,2000,10240,500,514.2783946000001
2,2000,10240,1000,1003.933851
2,2000,102400,0,2709.0979469999997
2,2000,102400,500,2726.666613
3,100,50,0,8.594735079
3,100,50,30,31.22727075
3,100,50,500,501.54298600000004
3,100,50,1000,1001.5054779999999
3,100,1024,0,12.29462382
3,100,1024,30,31.43199532
3,100,1024,500,501.761166
3,100,1024,1000,1001.6591119999999
3,100,10240,0,54.81719223
3,100,10240,30,57.7157656
3,100,10240,500,503.5425177
3,100,10240,1000,1003.4175550000001
3,100,102400,0,865.417334
3,100,102400,30,862.082953
3,100,102400,500,1065.5949449999998
3,100,102400,1000,1479.384175
3,200,50,0,16.36901741
3,200,50,30,31.66183515
3,200,50,500,501.65169199999997
3,200,50,1000,1001.493657
3,200,1024,0,23.0237419
3,200,1024,30,34.85738678
3,200,1024,500,501.79749569999996
3,200,1024,1000,1001.6347460000001
3,200,10240,0,112.2950955
3,200,10240,30,114.00568740000001
3,200,10240,500,504.27515089999997
3,200,10240,1000,1003.760247
3,200,102400,0,2506.846614
3,200,102400,30,2530.665977
3,200,102400,500,2601.891223
3,200,102400,1000,2990.347523
3,300,50,0,24.28503348
3,300,50,30,34.52908314
3,300,50,500,501.44731540000004
3,300,50,1000,1001.4580689999999
3,300,1024,0,34.29670421
3,300,1024,30,41.57020483
3,300,1024,500,501.6959956
3,300,1024,1000,1001.579676
3,300,10240,0,176.0543865
3,300,10240,30,173.39257790000002
3,300,10240,500,513.4593366
3,300,10240,1000,1003.908134
3,300,102400,0,8992.396384
3,300,102400,30,9119.651418000001
3,300,102400,500,8952.059555
3,300,102400,1000,9029.293009
3,1000,50,0,88.65919723
3,1000,50,30,87.55749175
3,1000,50,500,501.69538430000006
3,1000,50,1000,1001.4515359999999
3,1000,1024,0,124.39706070000001
3,1000,1024,30,124.3924982
3,1000,1024,500,501.93081449999994
3,1000,1024,1000,1001.744814
3,1000,10240,0,1068.369778
3,1000,10240,30,1078.988777
3,1000,10240,500,1098.061745
3,1000,10240,1000,1428.398919
3,2000,50,0,190.2675076
3,2000,50,30,183.51259430000002
3,2000,50,500,504.20462130000004
3,2000,50,1000,1003.2124140000001
3,2000,1024,0,307.0083018
3,2000,1024,30,313.7406831
3,2000,1024,500,513.1916398
3,2000,1024,1000,1008.041259
3,2000,10240,0,3823.627412
3,2000,10240,30,3837.6758
3,2000,10240,500,3571.614331
3,2000,10240,1000,3514.9694289999998
4,100,50,0,9.424583792
4,100,50,30,31.34901651
4,100,50,500,501.7108633
4,100,50,1000,1001.667201
4,100,1024,0,14.34228559
4,100,1024,30,31.67404538
4,100,1024,500,501.86773539999996
4,100,1024,1000,1001.7955039999999
4,100,10240,0,64.7897449
4,100,10240,30,65.6741334
4,100,10240,500,504.0894007
4,100,10240,1000,1004.054627
4,100,102400,0,985.7092311000001
4,100,102400,30,998.9322559000001
4,100,102400,500,1122.420703
4,100,102400,1000,1458.219859
4,200,50,0,18.29222694
4,200,50,30,31.92973133
4,200,50,500,501.76099220000003
4,200,50,1000,1001.6452939999999
4,200,1024,0,27.41415408
4,200,1024,30,36.77009520000001
4,200,1024,500,502.0434955
4,200,1024,1000,1001.834556
4,200,10240,0,129.995846
4,200,10240,30,132.7309556
4,200,10240,500,504.7680103999999
4,200,10240,1000,1004.68876
4,200,102400,0,2799.212008
4,200,102400,30,2853.702857
4,200,102400,500,3002.058736
4,200,102400,1000,3103.488714
4,300,50,0,27.40934013
4,300,50,30,35.89789051
4,300,50,500,501.6299875
4,300,50,1000,1001.6106580000001
4,300,1024,0,41.31773748
4,300,1024,30,46.32205724
4,300,1024,500,501.74112
4,300,1024,1000,1001.778438
4,300,10240,0,212.5592906
4,300,10240,30,208.1147464
4,300,10240,500,506.2155687
4,300,10240,1000,1004.984275
4,300,102400,0,6994.972956999999
4,300,102400,30,6800.402013
4,300,102400,500,7549.729973
4,300,102400,1000,7591.222723000001
4,1000,50,0,103.3068379
4,1000,50,30,100.21676090000001
4,1000,50,500,502.0836426
4,1000,50,1000,1001.5982759999999
4,1000,1024,0,147.9524868
4,1000,1024,30,149.2658519
4,1000,1024,500,502.95638269999995
4,1000,1024,1000,1002.078101
4,1000,10240,0,1176.076933
4,1000,10240,30,1196.399619
4,1000,10240,500,1233.3817900000001
4,1000,10240,1000,1550.8085529999998
4,2000,50,0,214.37544759999997
4,2000,50,30,209.7765385
4,2000,50,500,505.4372431
4,2000,50,1000,1002.20784
4,2000,1024,0,354.36816569999996
4,2000,1024,30,352.10047480000003
4,2000,1024,500,526.6441602
4,2000,1024,1000,1013.2113009999999
4,2000,10240,0,4957.169001
4,2000,10240,30,4867.639092
4,2000,10240,500,5458.301267
4,2000,10240,1000,5172.468779
